Date,Close/Last,Volume,Open,High,Low
04/27/2023,$99.93,8166466,$97.13,$100.065,$96.71
04/26/2023,$96.61,8634531,$97.84,$98.48,$96.455
04/25/2023,$98.01,6511394,$99.375,$99.71,$98.01
04/24/2023,$99.68,8540571,$100.145,$100.735,$98.67
04/21/2023,$99.57,9467979,$98.16,$99.72,$97.72
04/20/2023,$98.07,7762736,$97.75,$98.58,$97.391
04/19/2023,$98.75,11523310,$99.78,$99.83,$98.355
04/18/2023,$100.93,8180148,$100.61,$101.15,$99.595
04/17/2023,$100.30,6705269,$99.57,$100.57,$99.15
04/14/2023,$99.90,7337250,$100.50,$100.86,$98.93
04/13/2023,$100.84,8744977,$98.51,$101.07,$98.51
04/12/2023,$97.94,9289196,$101.25,$102.22,$97.70
04/11/2023,$100.42,7504624,$101.16,$101.91,$100.29
04/10/2023,$100.81,8016576,$99.30,$100.81,$98.90
04/06/2023,$99.97,7042486,$99.44,$100.32,$98.55
04/05/2023,$99.91,7747230,$99.70,$100.18,$98.632
04/04/2023,$99.57,6794168,$100.30,$100.42,$98.76
04/03/2023,$99.76,7313201,$100.21,$100.43,$99.27
03/31/2023,$100.13,8919965,$98.89,$100.20,$98.50
03/30/2023,$98.10,7669482,$98.73,$98.92,$97.67
03/29/2023,$96.87,5889123,$96.08,$96.91,$95.35
03/28/2023,$94.82,5426053,$95.51,$96.00,$94.59
03/27/2023,$95.62,7487900,$94.78,$96.02,$94.38
03/24/2023,$94.08,9544154,$94.81,$95.00,$93.02
03/23/2023,$95.83,9527009,$95.28,$97.02,$94.76
03/22/2023,$94.90,8811105,$97.45,$97.93,$94.82
03/21/2023,$96.54,7285766,$95.17,$96.85,$95.17
03/20/2023,$94.22,6657152,$93.43,$94.92,$93.00
03/17/2023,$93.20,12943190,$94.05,$94.27,$92.91
03/16/2023,$94.29,9946678,$92.67,$94.5599,$91.89
03/15/2023,$93.10,9543836,$91.63,$93.3557,$91.41
03/14/2023,$93.36,10323630,$94.00,$94.30,$92.34
03/13/2023,$92.60,11915320,$91.885,$94.0242,$90.46
03/10/2023,$93.57,13978850,$95.60,$95.90,$92.83
03/09/2023,$96.14,8275586,$99.45,$100.05,$95.92
03/08/2023,$99.30,5668738,$99.00,$99.62,$98.30
03/07/2023,$99.06,6951340,$100.40,$100.94,$98.89
03/06/2023,$100.66,6773261,$101.61,$102.695,$100.49
03/03/2023,$101.14,7434264,$99.67,$101.18,$98.88
03/02/2023,$98.92,7783130,$97.74,$99.29,$97.42
03/01/2023,$98.54,7898251,$99.19,$99.63,$98.10
02/28/2023,$99.61,8233743,$100.45,$100.75,$99.57
02/27/2023,$100.45,6641212,$100.73,$101.47,$100.06
02/24/2023,$100.30,8523000,$99.53,$100.43,$98.96
02/23/2023,$101.73,10974750,$101.45,$102.0499,$99.605
02/22/2023,$101.68,9885101,$101.33,$102.56,$101.09
02/21/2023,$102.09,10648210,$103.55,$103.73,$101.83
02/17/2023,$105.22,9492184,$105.03,$105.80,$103.88
02/16/2023,$105.83,9479922,$107.55,$108.02,$105.70
02/15/2023,$109.24,8163490,$107.09,$109.27,$106.70
02/14/2023,$107.66,10768100,$106.82,$108.44,$105.8205
02/13/2023,$107.66,12341480,$108.10,$108.2874,$106.55
02/10/2023,$108.06,15565990,$108.96,$109.74,$107.21
02/09/2023,$110.36,46137150,$118.04,$118.18,$109.8089
02/08/2023,$111.78,27719920,$112.20,$113.33,$110.29
02/07/2023,$111.63,10843980,$109.295,$112.12,$108.86
02/06/2023,$109.87,11956540,$110.17,$110.43,$108.53
02/03/2023,$110.71,12472480,$111.47,$113.1412,$110.37
02/02/2023,$113.21,13093210,$110.67,$113.53,$109.6901
02/01/2023,$109.39,9975481,$108.50,$109.94,$106.90
01/31/2023,$108.49,8251663,$107.58,$108.715,$107.45
01/30/2023,$107.59,8548547,$108.26,$108.97,$107.48
01/27/2023,$109.54,10249680,$109.26,$110.5823,$109.16
01/26/2023,$109.70,9204417,$108.17,$109.76,$107.5701
01/25/2023,$108.12,10008040,$104.96,$108.16,$104.18
01/24/2023,$106.00,8606723,$105.39,$108.44,$102.00
01/23/2023,$105.69,11479080,$103.29,$105.9541,$102.9209
01/20/2023,$103.48,14549880,$100.34,$103.5865,$99.3015
01/19/2023,$99.08,10973550,$98.12,$99.45,$97.12
01/18/2023,$99.04,11384540,$100.28,$101.1299,$98.7249
01/17/2023,$99.91,14914200,$100.32,$100.99,$98.995
01/13/2023,$99.40,12230200,$99.38,$99.60,$98.01
01/12/2023,$99.81,19764320,$98.50,$100.63,$97.5705
01/11/2023,$96.33,8757251,$95.92,$96.55,$95.045
01/10/2023,$95.56,6914633,$94.28,$95.64,$93.82
01/09/2023,$94.77,11675840,$94.43,$95.70,$93.45
01/06/2023,$93.92,9828145,$92.66,$94.69,$91.3211
01/05/2023,$91.92,11622620,$91.66,$92.48,$90.51
01/04/2023,$91.98,14957210,$90.00,$92.745,$89.36
01/03/2023,$88.97,14997140,$88.98,$89.9716,$87.83
12/30/2022,$86.88,23230970,$85.73,$87.12,$85.225
12/29/2022,$87.18,13045070,$85.25,$88.242,$84.97
12/28/2022,$84.17,12399510,$86.08,$86.69,$84.07
12/27/2022,$86.37,11561450,$87.42,$87.94,$85.96
12/23/2022,$88.01,11171610,$86.06,$88.07,$85.77
12/22/2022,$86.67,15487370,$86.03,$86.73,$84.69
12/21/2022,$86.92,11004830,$87.19,$88.0997,$86.48
12/20/2022,$87.02,14918400,$86.08,$87.8391,$85.76
12/19/2022,$85.78,19225290,$89.44,$89.46,$85.41
12/16/2022,$90.08,26383880,$90.19,$91.08,$88.81
12/15/2022,$90.49,15957670,$92.47,$93.12,$90.115
12/14/2022,$94.15,11505450,$94.54,$95.47,$92.62
12/13/2022,$94.70,22882080,$96.49,$97.3917,$93.57
12/12/2022,$94.66,14140680,$93.73,$94.66,$92.61
12/09/2022,$93.38,10111880,$92.37,$94.91,$91.90
12/08/2022,$92.55,9351229,$92.50,$93.428,$91.67
12/07/2022,$92.15,10353420,$92.66,$92.7857,$91.26
12/06/2022,$92.29,11492370,$95.73,$96.00,$91.98
12/05/2022,$95.93,10764540,$98.24,$99.16,$95.665
12/02/2022,$99.43,12608100,$97.46,$99.69,$97.0101
12/01/2022,$98.59,13855680,$97.87,$98.835,$96.58
11/30/2022,$97.87,15368110,$94.95,$97.94,$93.87
11/29/2022,$94.69,13205330,$96.00,$96.4299,$93.92
11/28/2022,$95.69,13668650,$98.21,$99.13,$95.43
11/25/2022,$98.87,6664281,$98.81,$99.81,$98.08
11/23/2022,$98.88,15503230,$96.00,$99.34,$95.7801
11/22/2022,$96.21,25753740,$97.00,$97.67,$94.68
11/21/2022,$97.58,70273510,$100.12,$100.89,$96.32
11/18/2022,$91.80,10011730,$92.86,$93.16,$90.91
11/17/2022,$91.45,12306390,$92.12,$92.27,$90.85
11/16/2022,$93.95,11137670,$95.22,$95.22,$93.72
11/15/2022,$95.51,15801910,$96.00,$97.18,$93.695
11/14/2022,$94.28,20505720,$95.85,$96.62,$94.21
11/11/2022,$95.01,22373290,$91.58,$95.58,$91.10
11/10/2022,$90.46,36968130,$89.75,$90.50,$87.608
11/09/2022,$86.75,62029830,$90.55,$91.10,$86.28
11/08/2022,$99.90,27130260,$100.74,$101.9687,$98.05
11/07/2022,$100.43,11355240,$100.88,$101.56,$98.99
11/04/2022,$99.58,11035800,$101.15,$101.16,$98.11
11/03/2022,$99.25,8978373,$100.20,$100.70,$98.56
11/02/2022,$101.82,9591406,$105.45,$106.08,$101.785
11/01/2022,$106.00,7955761,$107.70,$108.84,$105.64
10/31/2022,$106.54,8814813,$105.66,$106.90,$104.82
10/28/2022,$105.95,7250889,$104.08,$106.09,$103.525
10/27/2022,$104.44,8673519,$105.805,$106.87,$104.31
10/26/2022,$104.63,9223759,$103.53,$107.43,$103.53
10/25/2022,$104.36,7687535,$102.16,$104.7299,$102.03
10/24/2022,$101.72,8221477,$102.12,$103.19,$100.12
10/21/2022,$102.04,10193360,$98.35,$102.30,$97.89
10/20/2022,$98.59,8212442,$98.23,$100.75,$98.11
10/19/2022,$98.99,11730990,$100.44,$101.865,$98.50
10/18/2022,$98.48,8533516,$99.87,$100.3696,$97.635
10/17/2022,$97.33,7083842,$96.38,$97.97,$96.26
10/14/2022,$94.45,8208884,$97.47,$98.09,$94.33
10/13/2022,$96.64,11025430,$91.57,$96.97,$90.71
10/12/2022,$93.41,6156217,$93.16,$94.07,$92.20
10/11/2022,$93.10,8900901,$94.81,$95.06,$92.65
10/10/2022,$95.16,9532334,$97.59,$97.74,$94.42
10/07/2022,$97.16,7051019,$98.51,$98.80,$96.4469
10/06/2022,$100.04,6728200,$100.43,$101.46,$99.8701
10/05/2022,$100.80,7562771,$100.04,$101.22,$98.70
10/04/2022,$101.44,10229000,$98.68,$101.52,$98.2301
10/03/2022,$97.13,9468403,$95.73,$97.78,$94.504
09/30/2022,$94.33,12094940,$96.50,$97.4778,$94.28
09/29/2022,$97.45,9435058,$98.53,$98.60,$96.23
09/28/2022,$99.40,12895460,$95.79,$99.87,$95.45
09/27/2022,$95.85,13360190,$99.53,$99.64,$95.432
09/26/2022,$98.12,9760467,$98.95,$100.66,$98.06
09/23/2022,$99.50,11976930,$100.62,$101.18,$98.02
09/22/2022,$102.16,10953390,$104.21,$104.66,$102.02
09/21/2022,$104.49,9776355,$107.39,$108.04,$104.49
09/20/2022,$107.57,6957409,$108.28,$108.41,$106.86
09/19/2022,$109.17,7979457,$107.53,$109.2245,$107.036
09/16/2022,$108.25,15978830,$109.21,$109.58,$106.96
09/15/2022,$110.77,9739754,$112.39,$114.41,$110.71
09/14/2022,$112.50,8610446,$111.85,$112.74,$109.88
09/13/2022,$111.76,10504580,$113.05,$113.82,$111.17
09/12/2022,$116.39,7923353,$116.14,$117.49,$115.27
09/09/2022,$115.18,9573346,$113.27,$115.525,$113.19
09/08/2022,$112.33,8443278,$111.07,$112.99,$110.36
09/07/2022,$112.69,8193947,$109.87,$112.955,$109.87
09/06/2022,$110.09,9537290,$111.77,$111.78,$108.52
09/02/2022,$111.20,8465130,$113.05,$113.89,$110.84
09/01/2022,$112.53,7718715,$111.79,$112.59,$110.025
08/31/2022,$112.08,7352967,$112.87,$113.75,$111.85
08/30/2022,$112.43,8059967,$114.28,$114.7499,$111.45
08/29/2022,$113.53,6882736,$112.54,$114.4673,$112.41
08/26/2022,$114.07,7807402,$117.47,$118.37,$113.89
08/25/2022,$117.46,6920927,$117.02,$117.77,$116.11
08/24/2022,$116.41,7840514,$114.67,$117.16,$114.10
08/23/2022,$114.86,7180690,$115.98,$116.3699,$114.6211
08/22/2022,$115.94,11575840,$117.70,$118.21,$115.6901
08/19/2022,$120.14,8702520,$121.25,$121.39,$119.48
08/18/2022,$122.67,7343934,$123.01,$123.13,$121.71
08/17/2022,$122.81,9140896,$123.45,$124.48,$122.57
08/16/2022,$124.96,14607300,$124.73,$126.48,$123.45
08/15/2022,$124.26,24628320,$121.00,$125.96,$120.99
08/12/2022,$121.57,21964790,$119.00,$121.61,$118.9201
08/11/2022,$117.69,50375020,$122.21,$123.268,$117.3309
08/10/2022,$112.43,26398690,$112.48,$112.67,$109.91
08/09/2022,$108.13,8776524,$109.22,$109.22,$107.03
08/08/2022,$109.11,13045410,$108.205,$111.23,$107.90
08/05/2022,$106.63,10099980,$106.81,$107.70,$105.37
08/04/2022,$108.12,7322411,$108.92,$109.45,$107.66
08/03/2022,$109.02,11243030,$105.73,$109.70,$105.73
08/02/2022,$104.71,9093020,$105.74,$106.36,$104.62
08/01/2022,$106.22,7769658,$104.87,$106.65,$103.8601
07/29/2022,$106.10,10320040,$105.14,$106.34,$103.37
07/28/2022,$104.90,7970282,$103.245,$104.97,$102.71
07/27/2022,$103.50,9445183,$100.97,$103.65,$100.81
07/26/2022,$99.78,6346629,$102.14,$102.36,$99.56
07/25/2022,$102.69,6726685,$102.78,$103.39,$101.81
07/22/2022,$102.72,7803460,$103.28,$104.5661,$102.11
07/21/2022,$104.18,8611311,$102.71,$104.25,$101.61
07/20/2022,$103.35,15112720,$100.25,$104.26,$99.9538
07/19/2022,$99.61,13683360,$96.68,$99.85,$96.68
07/18/2022,$95.70,10430410,$96.36,$97.27,$95.31
07/15/2022,$95.20,14946730,$92.91,$95.32,$92.70
07/14/2022,$91.84,11146430,$91.48,$92.04,$90.23
07/13/2022,$92.94,12006430,$92.12,$93.2487,$91.01
07/12/2022,$93.60,8665299,$93.58,$95.25,$93.31
07/11/2022,$93.64,7650632,$95.00,$95.3375,$93.43
07/08/2022,$95.86,7717297,$96.57,$97.12,$95.349
07/07/2022,$97.43,7813050,$96.90,$97.53,$95.93
07/06/2022,$96.08,8640229,$97.53,$98.19,$95.40
07/05/2022,$97.18,10674620,$94.26,$97.23,$92.31
07/01/2022,$96.14,10543380,$94.24,$96.3107,$93.98
06/30/2022,$94.40,10983520,$94.42,$95.44,$92.5443
06/29/2022,$95.65,8653197,$95.95,$96.201,$94.53
06/28/2022,$95.92,16838240,$99.74,$100.40,$95.78
06/27/2022,$96.61,10793750,$98.22,$98.23,$95.8001
06/24/2022,$97.78,11681150,$95.45,$98.5671,$95.40
06/23/2022,$94.30,11348820,$93.96,$94.65,$92.07
06/22/2022,$93.50,11415080,$92.17,$94.61,$92.01
06/21/2022,$93.29,16649790,$94.90,$95.45,$93.265
06/17/2022,$94.34,15403770,$94.01,$95.97,$93.47
06/16/2022,$94.28,15298480,$94.01,$95.38,$93.41
06/15/2022,$95.88,11751580,$94.61,$97.30,$94.09
06/14/2022,$94.22,12443660,$96.27,$96.27,$93.10
06/13/2022,$95.71,15239650,$97.61,$97.61,$94.83
06/10/2022,$99.40,15386010,$101.43,$102.12,$99.38
06/09/2022,$103.30,8271206,$106.53,$107.06,$103.25
06/08/2022,$107.34,7019489,$107.43,$109.3605,$106.96
06/07/2022,$107.79,7279062,$106.79,$107.92,$106.00
06/06/2022,$107.83,7575890,$109.75,$110.19,$107.65
06/03/2022,$108.67,6767601,$109.17,$109.85,$107.9232
06/02/2022,$110.87,8829877,$109.43,$110.95,$107.91
06/01/2022,$109.19,11829740,$112.01,$112.85,$108.27
05/31/2022,$110.44,20274630,$110.00,$111.235,$107.91
05/27/2022,$109.32,13671310,$106.89,$109.37,$106.53
05/26/2022,$105.61,11297800,$104.22,$106.13,$103.96
05/25/2022,$103.26,11026600,$101.43,$103.807,$101.16
05/24/2022,$101.59,13970240,$103.71,$103.84,$100.13
05/23/2022,$105.83,14402430,$103.76,$106.03,$101.5611
05/20/2022,$102.42,15650430,$104.49,$104.80,$100.05
05/19/2022,$103.14,11284950,$103.43,$105.30,$102.96
05/18/2022,$104.30,11793980,$107.38,$107.66,$103.88
05/17/2022,$108.64,11847640,$107.73,$108.79,$106.30
05/16/2022,$105.18,11993640,$107.46,$107.62,$104.85
05/13/2022,$107.33,16782630,$105.36,$107.69,$105.31
05/12/2022,$104.31,36298830,$102.90,$105.00,$99.47
05/11/2022,$105.21,26933330,$107.90,$110.07,$104.79
05/10/2022,$107.68,15657720,$109.835,$110.70,$106.1447
05/09/2022,$106.98,17941600,$108.11,$110.74,$106.48
05/06/2022,$110.29,12525170,$111.77,$112.09,$108.30
05/05/2022,$112.61,12720190,$114.74,$115.27,$111.48
05/04/2022,$116.19,11488270,$113.37,$116.44,$111.83
05/03/2022,$113.55,11149540,$114.05,$114.83,$112.69
05/02/2022,$113.50,14300710,$111.71,$113.6601,$111.01
04/29/2022,$111.63,16907020,$115.20,$115.9899,$111.36
04/28/2022,$115.29,23192140,$115.22,$116.00,$112.69
04/27/2022,$115.21,15553010,$115.43,$116.90,$113.39
04/26/2022,$115.77,16116020,$119.15,$119.15,$115.64
04/25/2022,$119.95,16490970,$117.66,$120.33,$116.75
04/22/2022,$118.27,19472840,$120.01,$121.89,$118.15
04/21/2022,$121.66,18688640,$125.54,$126.45,$121.28
04/20/2022,$124.57,36465680,$126.05,$127.35,$124.1104
04/19/2022,$131.90,12767220,$128.09,$133.19,$127.79
04/18/2022,$127.77,10571010,$130.07,$130.22,$126.82
04/14/2022,$130.47,7283466,$132.81,$133.59,$130.35
04/13/2022,$132.35,7694467,$131.05,$132.89,$130.75
04/12/2022,$130.84,7885640,$131.81,$133.21,$130.1528
04/11/2022,$130.65,9915280,$130.04,$132.43,$130.04
04/08/2022,$131.87,6701966,$132.00,$133.12,$130.63
04/07/2022,$131.87,9858728,$133.01,$133.21,$130.02
04/06/2022,$132.57,11679730,$133.75,$133.93,$130.81
04/05/2022,$135.62,8694095,$137.74,$139.20,$135.13
04/04/2022,$138.58,8182004,$136.97,$139.261,$136.89
04/01/2022,$137.00,10341040,$137.34,$138.10,$135.53
03/31/2022,$137.16,12306460,$140.14,$140.88,$137.11
03/30/2022,$140.96,7922426,$141.31,$143.2675,$140.08
03/29/2022,$142.38,11280680,$140.96,$144.46,$140.96
03/28/2022,$138.72,8456087,$138.88,$139.6274,$136.2816
03/25/2022,$139.14,5952130,$139.28,$140.38,$138.12
03/24/2022,$138.96,5858789,$138.58,$139.2699,$137.41
03/23/2022,$137.64,8761269,$139.07,$139.76,$137.54
03/22/2022,$140.11,8511566,$139.06,$142.19,$138.90
03/21/2022,$138.62,9090316,$138.90,$139.30,$136.88
03/18/2022,$140.30,11308780,$139.55,$140.725,$138.30
03/17/2022,$139.47,6816024,$137.44,$139.47,$136.56
03/16/2022,$138.14,10638740,$135.65,$138.98,$134.94
03/15/2022,$134.20,9834809,$129.74,$134.56,$129.51
03/14/2022,$129.03,9971526,$130.98,$133.07,$128.38
03/11/2022,$131.75,7058388,$135.08,$136.16,$131.57
03/10/2022,$133.64,8447238,$132.36,$134.20,$131.62
03/09/2022,$133.65,14673080,$135.49,$135.50,$133.36
03/08/2022,$131.75,16552010,$133.02,$135.485,$129.29
03/07/2022,$133.50,14549670,$140.28,$140.89,$133.44
03/04/2022,$140.72,12925360,$144.01,$144.26,$139.55
03/03/2022,$145.57,8048440,$147.31,$148.65,$144.45
03/02/2022,$147.34,7851027,$146.31,$148.465,$145.92
03/01/2022,$145.70,8943991,$147.86,$148.146,$143.779
02/28/2022,$148.46,10834720,$147.83,$149.48,$146.46
02/25/2022,$149.53,10149520,$149.56,$150.28,$147.22
02/24/2022,$149.40,12475490,$140.00,$149.57,$140.00
02/23/2022,$145.87,9300697,$149.50,$149.74,$145.50
02/22/2022,$148.09,12227210,$150.19,$150.79,$147.61
02/18/2022,$151.36,10785500,$152.91,$153.6755,$150.05
02/17/2022,$152.95,8110299,$154.69,$155.3612,$152.61
02/16/2022,$156.35,10656350,$154.98,$156.73,$153.75
02/15/2022,$154.72,12730920,$153.54,$154.85,$152.51
02/14/2022,$150.85,14694680,$149.37,$153.73,$149.21
02/11/2022,$149.47,17975210,$153.54,$154.69,$148.56
02/10/2022,$152.16,42500320,$156.02,$157.50,$151.11
02/09/2022,$147.23,22877400,$144.37,$147.355,$143.25
02/08/2022,$142.48,9231697,$141.79,$142.8879,$140.74
02/07/2022,$142.51,10937520,$143.39,$144.09,$141.61
02/04/2022,$142.02,8061075,$140.04,$143.19,$139.53
02/03/2022,$140.03,9820585,$140.00,$142.04,$139.25
02/02/2022,$142.62,9529884,$144.19,$144.59,$141.38
02/01/2022,$144.49,8573340,$143.02,$144.69,$142.25
01/31/2022,$142.97,10185500,$138.86,$143.15,$138.47
01/28/2022,$138.63,10011670,$135.21,$138.69,$133.56
01/27/2022,$135.42,11913900,$135.07,$137.91,$134.02
01/26/2022,$133.60,14569920,$137.707,$138.20,$132.26
01/25/2022,$136.51,14694410,$135.29,$137.75,$132.38
01/24/2022,$137.46,31523850,$134.82,$137.68,$129.26
01/21/2022,$137.38,34491850,$141.23,$141.87,$136.6319
01/20/2022,$147.62,11760370,$150.905,$152.66,$147.15
01/19/2022,$150.11,10413250,$150.84,$152.86,$149.955
01/18/2022,$152.27,10425770,$151.11,$153.13,$149.83
01/14/2022,$151.94,16831960,$152.35,$152.62,$148.415
01/13/2022,$155.44,9680583,$157.70,$158.53,$155.17
01/12/2022,$157.80,6995649,$158.50,$158.99,$156.33
01/11/2022,$157.89,8042556,$156.62,$158.22,$155.9455
01/10/2022,$156.60,8672855,$157.98,$158.27,$154.65
01/07/2022,$157.83,9554622,$156.90,$159.30,$156.29
01/06/2022,$156.90,11095330,$156.24,$157.77,$153.6791
01/05/2022,$155.19,12272100,$156.52,$159.38,$155.10
01/04/2022,$155.73,16582040,$158.59,$160.32,$155.55
01/03/2022,$156.76,10228260,$155.83,$157.56,$155.36
12/31/2021,$154.89,6410235,$155.87,$156.57,$154.74
12/30/2021,$155.93,7228438,$155.71,$157.07,$155.515
12/29/2021,$154.87,8737004,$154.56,$155.92,$154.18
12/28/2021,$155.20,12198680,$152.62,$156.50,$152.41
12/27/2021,$152.80,7765470,$152.88,$154.02,$151.40
12/23/2021,$153.63,6572351,$152.32,$154.1899,$151.93
12/22/2021,$151.88,7820439,$150.42,$152.20,$149.87
12/21/2021,$151.05,10781410,$147.56,$151.425,$147.39
12/20/2021,$146.47,11201920,$146.98,$147.73,$145.08
12/17/2021,$148.76,13878800,$148.51,$149.84,$146.57
12/16/2021,$148.75,11145620,$151.35,$152.06,$148.58
12/15/2021,$150.40,12231480,$148.76,$150.92,$147.35
12/14/2021,$149.10,10872030,$149.26,$151.62,$148.52
12/13/2021,$150.43,10195820,$152.12,$152.50,$149.29
12/10/2021,$152.71,10247890,$153.58,$154.66,$151.45
12/09/2021,$152.94,11862330,$152.27,$154.29,$151.70
12/08/2021,$153.34,12886260,$150.91,$153.655,$150.56
12/07/2021,$150.81,14661070,$151.84,$152.76,$149.72
12/06/2021,$150.37,14333930,$147.28,$150.7399,$146.67
12/03/2021,$146.22,14975620,$147.81,$148.315,$144.32
12/02/2021,$147.20,18177710,$142.84,$147.65,$142.77
12/01/2021,$142.15,16503230,$146.70,$148.37,$142.04
11/30/2021,$144.90,26011110,$146.72,$147.28,$143.11
11/29/2021,$147.81,21231320,$148.81,$149.30,$144.25
11/26/2021,$148.11,12027680,$146.80,$148.85,$145.85
11/24/2021,$151.34,14123740,$150.69,$151.41,$148.80
11/23/2021,$151.03,17382890,$153.84,$154.25,$150.19
11/22/2021,$154.16,12790410,$153.225,$155.8232,$152.57
11/19/2021,$154.00,16776490,$155.02,$155.21,$152.77
11/18/2021,$155.58,14487740,$157.09,$157.30,$153.71
11/17/2021,$157.33,14695530,$158.73,$158.89,$156.75
11/16/2021,$158.83,15516160,$159.06,$160.24,$158.55
11/15/2021,$158.43,21285350,$160.09,$160.72,$157.66
11/12/2021,$159.63,25638370,$163.52,$163.61,$158.93
11/11/2021,$162.11,62366500,$162.89,$163.96,$158.33
11/10/2021,$174.45,11045830,$174.69,$176.87,$173.87
11/09/2021,$175.11,7293301,$176.95,$177.1198,$173.21
11/08/2021,$176.87,10584590,$178.69,$179.25,$176.1018
11/05/2021,$175.63,16859180,$173.50,$176.99,$172.33
11/04/2021,$170.28,7505507,$170.03,$170.42,$168.67
11/03/2021,$170.08,6829310,$169.70,$170.19,$168.37
11/02/2021,$169.83,6777230,$170.03,$170.85,$168.98
11/01/2021,$170.19,8182898,$169.21,$171.25,$169.09
10/29/2021,$169.07,7598849,$169.02,$170.4599,$168.15
10/28/2021,$169.68,7884519,$169.48,$170.35,$168.60
10/27/2021,$169.55,7054716,$171.77,$172.04,$169.43
10/26/2021,$172.04,5850210,$172.95,$173.115,$170.71
10/25/2021,$172.01,9798688,$169.90,$172.57,$169.025
10/22/2021,$169.42,7854323,$170.57,$170.80,$168.60
10/21/2021,$171.34,7508956,$170.20,$172.50,$170.10
10/20/2021,$170.55,9737626,$170.97,$171.02,$169.88
10/19/2021,$171.18,9669482,$171.44,$171.58,$170.18
10/18/2021,$171.14,20494790,$172.36,$173.34,$169.80
10/15/2021,$176.46,13943890,$175.69,$178.89,$174.10
10/14/2021,$174.41,7453306,$174.07,$176.02,$174.00
10/13/2021,$172.96,8918152,$173.63,$173.70,$170.94
10/12/2021,$173.13,5188380,$173.62,$174.49,$172.545
10/11/2021,$173.52,8046270,$176.02,$176.52,$173.48
10/08/2021,$176.74,4132182,$177.93,$178.60,$176.4029
10/07/2021,$177.71,7779997,$177.70,$179.63,$177.33
10/06/2021,$175.48,6005169,$173.00,$175.71,$171.5501
10/05/2021,$174.61,6798224,$173.83,$176.24,$173.61
10/04/2021,$173.46,7200589,$175.56,$175.96,$172.665
10/01/2021,$176.01,12165020,$172.28,$177.32,$171.97
09/30/2021,$169.17,13977980,$173.10,$173.68,$169.10
09/29/2021,$172.68,6240771,$174.25,$174.96,$172.59
09/28/2021,$174.52,9133118,$177.75,$178.00,$173.86
09/27/2021,$178.26,7754953,$176.63,$179.4502,$175.96
09/24/2021,$176.00,5712778,$175.30,$176.70,$175.0772
09/23/2021,$176.25,8052869,$174.94,$177.19,$174.37
09/22/2021,$173.65,14214530,$172.94,$175.341,$171.66
09/21/2021,$171.17,23216030,$180.32,$182.23,$169.03
09/20/2021,$178.61,8056648,$179.74,$180.88,$176.55
09/17/2021,$183.47,10039200,$182.91,$185.90,$182.73
09/16/2021,$183.34,5678224,$183.97,$184.64,$182.12
09/15/2021,$184.41,5933400,$182.06,$184.66,$181.103
09/14/2021,$182.40,6185890,$184.96,$185.13,$182.15
09/13/2021,$184.98,6818241,$185.115,$185.80,$183.50
09/10/2021,$184.12,5572248,$186.36,$187.10,$184.01
09/09/2021,$185.91,7190666,$185.15,$187.5799,$184.57
09/08/2021,$185.15,8633959,$184.34,$187.46,$183.92
09/07/2021,$184.34,10705000,$181.02,$185.55,$180.05
09/03/2021,$181.00,6848827,$181.82,$181.82,$179.13
09/02/2021,$181.86,6497070,$184.16,$185.30,$181.55
09/01/2021,$183.48,7302824,$181.96,$184.21,$181.78
08/31/2021,$181.30,8620017,$179.25,$182.98,$178.53
08/30/2021,$179.98,6421287,$180.50,$181.39,$178.87
08/27/2021,$180.14,8696960,$176.28,$180.54,$176.28
08/26/2021,$176.56,4563000,$178.34,$178.94,$176.34
08/25/2021,$178.31,4842077,$178.16,$178.59,$176.88
08/24/2021,$178.47,5886947,$177.92,$180.08,$177.76
08/23/2021,$177.66,7395878,$177.08,$178.31,$175.9101
08/20/2021,$175.12,6239617,$173.00,$175.21,$172.65
08/19/2021,$173.25,8478606,$174.00,$174.68,$172.56
08/18/2021,$174.74,7063511,$175.90,$176.7925,$174.50
08/17/2021,$175.83,8534526,$177.15,$178.45,$174.9232
08/16/2021,$179.09,8755051,$180.505,$180.59,$176.51
08/13/2021,$181.08,32504620,$186.29,$187.5799,$180.88
08/12/2021,$179.29,11266420,$178.09,$179.72,$176.45
08/11/2021,$178.09,5359894,$177.36,$178.49,$176.51
08/10/2021,$177.07,5184959,$176.25,$177.40,$175.58
08/09/2021,$176.72,5338969,$177.00,$177.31,$175.062
08/06/2021,$177.13,5505241,$177.43,$178.81,$176.63
08/05/2021,$176.71,8864174,$172.49,$177.12,$172.49
08/04/2021,$172.58,5665827,$172.50,$173.25,$171.34
08/03/2021,$172.99,9931347,$176.02,$176.13,$170.92
08/02/2021,$175.55,5847175,$177.22,$178.82,$175.31
07/30/2021,$176.02,6813443,$177.53,$179.20,$175.14
07/29/2021,$178.35,6209059,$179.81,$181.42,$178.27
07/28/2021,$179.10,5926934,$179.69,$180.35,$177.55
07/27/2021,$179.50,6684123,$178.25,$179.56,$176.565
07/26/2021,$178.74,5641039,$175.62,$178.78,$175.34
07/23/2021,$176.14,5126271,$175.66,$176.50,$174.03
07/22/2021,$175.13,5713745,$176.70,$176.72,$173.90
07/21/2021,$176.89,6302229,$176.50,$177.90,$175.32
07/20/2021,$176.75,8372402,$173.70,$177.51,$172.87
07/19/2021,$172.95,14651780,$175.71,$176.4799,$172.16
07/16/2021,$179.31,8348797,$184.94,$185.29,$178.92
07/15/2021,$184.15,7866968,$183.45,$185.42,$183.05
07/14/2021,$183.42,8787307,$185.20,$186.29,$182.08
07/13/2021,$183.65,12534550,$184.09,$185.67,$181.8401
07/12/2021,$184.38,21835510,$177.71,$184.99,$177.37
07/09/2021,$177.04,7873266,$174.70,$177.518,$173.93
07/08/2021,$172.80,6960105,$170.18,$173.75,$169.81
07/07/2021,$172.82,6757282,$172.86,$174.32,$171.99
07/06/2021,$173.69,11557860,$176.76,$177.00,$172.22
07/02/2021,$177.11,11102750,$177.86,$178.36,$174.62
07/01/2021,$177.26,5887078,$175.35,$177.60,$174.60
06/30/2021,$175.77,7481883,$173.89,$175.98,$173.34
06/29/2021,$173.93,13498290,$176.64,$177.02,$173.80
06/28/2021,$176.57,9881440,$178.50,$178.66,$174.99
06/25/2021,$178.35,7431816,$178.83,$179.09,$177.485
06/24/2021,$177.93,7549422,$176.13,$178.24,$175.78
06/23/2021,$175.33,9174184,$173.62,$175.45,$172.94
06/22/2021,$173.50,8097070,$174.37,$174.70,$172.35
06/21/2021,$173.97,9196930,$172.13,$174.26,$171.3124
06/18/2021,$172.42,12357540,$173.14,$173.86,$172.115
06/17/2021,$174.65,8905994,$174.59,$176.26,$173.84
06/16/2021,$174.66,8335986,$176.01,$176.26,$173.55
06/15/2021,$175.86,7894959,$178.18,$178.70,$175.6233
06/14/2021,$178.18,10169970,$177.65,$178.87,$176.90
06/11/2021,$177.38,5476308,$177.45,$178.49,$176.81
06/10/2021,$176.57,5252999,$176.44,$177.61,$175.55
06/09/2021,$176.04,5082352,$176.31,$177.33,$175.88
06/08/2021,$176.33,5356212,$175.97,$177.1199,$175.192
06/07/2021,$176.99,5178102,$177.97,$178.07,$176.40
06/04/2021,$177.18,6343364,$175.93,$177.52,$175.61
06/03/2021,$176.24,5583852,$176.268,$176.97,$175.4155
06/02/2021,$177.00,7851747,$179.04,$179.10,$176.93
06/01/2021,$178.84,7475585,$180.18,$181.01,$178.74
05/28/2021,$178.65,7130259,$179.51,$180.14,$178.08
05/27/2021,$179.04,13567830,$177.20,$179.59,$176.79
05/26/2021,$176.47,8086203,$176.62,$177.90,$176.20
05/25/2021,$176.17,8089738,$175.60,$177.45,$175.40
05/24/2021,$174.31,7346737,$172.45,$175.11,$171.75
05/21/2021,$172.40,8105719,$172.22,$173.1185,$171.52
05/20/2021,$171.36,7400700,$169.21,$171.90,$168.975
05/19/2021,$169.27,9250998,$167.71,$169.40,$167.095
05/18/2021,$169.68,10400960,$170.26,$171.26,$169.45
05/17/2021,$170.08,17739780,$172.70,$172.99,$168.57
05/14/2021,$173.70,33149430,$172.93,$174.91,$168.78
05/13/2021,$178.34,12332220,$178.37,$180.75,$175.796
05/12/2021,$177.85,8988117,$180.70,$182.46,$177.58
05/11/2021,$181.67,10865550,$181.80,$182.25,$178.43
05/10/2021,$184.30,8260306,$185.70,$186.9718,$184.03
05/07/2021,$184.84,6888401,$182.00,$185.12,$181.51
05/06/2021,$181.79,6944863,$182.78,$182.99,$179.81
05/05/2021,$181.51,4056789,$185.01,$185.05,$181.36
05/04/2021,$184.25,7069321,$184.87,$185.63,$182.31
05/03/2021,$185.51,7542779,$187.69,$189.22,$185.25
04/30/2021,$186.02,7866277,$184.29,$186.32,$183.54
04/29/2021,$185.33,5958302,$184.80,$185.55,$182.75
04/28/2021,$183.39,5199290,$184.79,$184.79,$182.82
04/27/2021,$184.64,4869989,$184.99,$185.81,$184.15
04/26/2021,$184.27,6178311,$183.96,$185.60,$183.26
04/23/2021,$183.02,6078995,$182.35,$183.895,$181.96
04/22/2021,$182.76,7378274,$184.22,$184.88,$181.2588
04/21/2021,$183.11,8400197,$181.29,$183.375,$178.86
04/20/2021,$182.79,10765800,$187.29,$188.08,$181.82
04/19/2021,$187.43,7625755,$187.51,$190.33,$185.65
04/16/2021,$187.26,9453501,$187.57,$189.47,$186.20
04/15/2021,$185.93,7262535,$188.09,$188.90,$185.695
04/14/2021,$187.46,9089939,$185.97,$190.40,$185.71
04/13/2021,$185.49,6826463,$185.59,$186.44,$184.60
04/12/2021,$186.49,6662530,$187.745,$187.85,$185.48
04/09/2021,$187.89,6089323,$188.17,$188.22,$186.15
04/08/2021,$187.32,7762950,$187.20,$188.05,$185.6344
04/07/2021,$187.56,6238712,$189.80,$190.3305,$186.945
04/06/2021,$189.73,7926185,$188.50,$191.2799,$187.87
04/05/2021,$188.50,7405334,$191.47,$191.67,$188.0945
04/01/2021,$188.97,7749378,$186.43,$189.10,$185.59
03/31/2021,$184.52,8478002,$185.83,$186.90,$184.42
03/30/2021,$185.53,5929698,$183.83,$186.3212,$183.56
03/29/2021,$184.85,7544714,$185.24,$185.94,$183.15
03/26/2021,$185.92,10196130,$188.83,$188.975,$182.57
03/25/2021,$186.91,9609238,$181.85,$187.71,$181.01
03/24/2021,$184.72,13549130,$190.06,$190.50,$184.64
03/23/2021,$188.73,10701240,$191.59,$192.335,$187.97
03/22/2021,$192.86,8838532,$193.26,$196.33,$192.00
03/19/2021,$191.14,28354580,$190.92,$194.00,$189.76
03/18/2021,$192.28,9644461,$194.95,$195.08,$191.74
03/17/2021,$195.24,14418680,$193.44,$196.19,$191.781
03/16/2021,$194.24,9680745,$196.10,$196.59,$192.88
03/15/2021,$196.76,10319670,$198.54,$198.54,$194.805
03/12/2021,$197.16,13249120,$196.53,$198.41,$195.18
03/11/2021,$196.75,11933920,$197.38,$199.05,$195.40
03/10/2021,$195.06,13662050,$197.31,$198.80,$194.68
03/09/2021,$194.51,23331040,$200.185,$201.70,$194.37
03/08/2021,$201.91,25093170,$197.31,$203.02,$193.79
03/05/2021,$189.99,10266390,$189.15,$190.57,$183.34
03/04/2021,$188.03,12542620,$189.895,$192.48,$184.12
03/03/2021,$192.26,8750307,$194.63,$196.81,$192.21
03/02/2021,$193.94,8371357,$196.10,$197.9567,$193.49
03/01/2021,$194.98,10709920,$193.23,$196.90,$191.39
02/26/2021,$189.04,15843970,$190.07,$191.61,$185.4501
02/25/2021,$190.98,12712040,$197.73,$197.96,$190.38
02/24/2021,$197.51,16205920,$197.58,$200.60,$195.33
02/23/2021,$197.09,23191450,$193.59,$198.94,$188.66
02/22/2021,$191.76,18799610,$181.74,$194.02,$181.53
02/19/2021,$183.65,8834497,$184.27,$184.78,$182.79
02/18/2021,$183.00,12390770,$184.79,$186.40,$182.84
02/17/2021,$186.44,11406370,$185.36,$187.63,$182.16
02/16/2021,$186.35,11630730,$187.30,$188.44,$184.86
02/12/2021,$187.67,27233780,$193.00,$193.85,$186.56
02/11/2021,$190.91,17507890,$189.18,$191.25,$188.07
02/10/2021,$189.63,11464640,$189.98,$190.70,$185.81
02/09/2021,$188.21,11270810,$188.17,$189.25,$186.04
02/08/2021,$190.00,16085700,$183.85,$190.64,$183.30
02/05/2021,$181.16,6640514,$181.71,$182.32,$179.33
02/04/2021,$180.23,9035407,$177.59,$181.38,$176.49
02/03/2021,$176.43,5508576,$177.00,$178.4299,$175.76
02/02/2021,$176.96,12215220,$173.77,$179.755,$172.8002
02/01/2021,$170.97,8140399,$170.835,$171.7289,$168.03
01/29/2021,$168.17,12848830,$168.80,$169.81,$165.7901
01/28/2021,$171.88,14449100,$166.17,$172.88,$165.95
01/27/2021,$163.03,18239250,$165.01,$166.34,$160.52
01/26/2021,$169.56,7523199,$173.00,$173.345,$169.05
01/25/2021,$171.89,7833745,$171.89,$173.11,$168.77
01/22/2021,$172.78,9517202,$174.00,$175.2499,$171.89
01/21/2021,$171.28,8423916,$173.24,$175.00,$171.02
01/20/2021,$173.64,9809232,$175.22,$177.88,$173.00
01/19/2021,$172.26,7834738,$172.10,$173.71,$171.44
01/15/2021,$171.44,12232540,$172.95,$174.19,$170.17
01/14/2021,$173.43,8951171,$177.01,$178.35,$173.40
01/13/2021,$176.12,6839540,$174.40,$177.73,$173.74
01/12/2021,$175.99,8349839,$177.30,$178.32,$174.861
01/11/2021,$179.09,6464144,$177.75,$181.255,$177.35
01/08/2021,$178.69,7894454,$178.81,$180.02,$176.60
01/07/2021,$178.58,7300815,$179.50,$179.95,$177.575
01/06/2021,$179.12,7517758,$178.32,$181.61,$177.2836
01/05/2021,$178.44,7771802,$176.20,$180.3399,$176.20
01/04/2021,$177.68,13426600,$182.255,$182.59,$174.73
12/31/2020,$181.18,7073495,$181.22,$183.40,$180.27
12/30/2020,$181.17,11680440,$178.50,$183.40,$178.37
12/29/2020,$177.30,6875370,$180.01,$180.20,$176.22
12/28/2020,$178.86,13145440,$175.75,$179.92,$175.05
12/24/2020,$173.73,2720964,$173.99,$174.5799,$172.38
12/23/2020,$173.55,9994045,$172.96,$175.95,$172.30
12/22/2020,$170.45,6424901,$170.00,$171.45,$169.16
12/21/2020,$170.69,11424230,$170.09,$171.94,$168.19
12/18/2020,$172.89,21172080,$173.60,$175.843,$172.28
12/17/2020,$173.55,9004574,$173.815,$174.84,$171.96
12/16/2020,$173.12,11105790,$173.99,$174.85,$171.6226
12/15/2020,$173.94,18817190,$170.49,$174.4699,$167.8201
12/14/2020,$169.30,30939390,$173.80,$177.30,$168.81
12/11/2020,$175.72,87410700,$169.675,$179.45,$165.33
12/10/2020,$154.69,8993216,$153.32,$155.34,$152.50
12/09/2020,$154.43,10804340,$156.29,$157.46,$153.89
12/08/2020,$153.72,7900575,$152.42,$154.88,$152.2505
12/07/2020,$153.68,6815460,$153.18,$153.88,$152.26
12/04/2020,$154.14,6033271,$153.69,$154.68,$152.81
12/03/2020,$153.24,9063241,$153.45,$154.4399,$152.13
12/02/2020,$153.61,10601880,$149.49,$154.01,$148.34
12/01/2020,$149.44,8827829,$149.57,$151.40,$149.00
11/30/2020,$148.01,9710134,$147.06,$148.69,$146.29
11/27/2020,$147.13,5306365,$149.00,$150.3499,$146.53
11/25/2020,$149.09,9551978,$150.27,$150.27,$147.235
11/24/2020,$151.49,16711740,$148.16,$151.86,$147.849
11/23/2020,$145.98,12887050,$142.45,$147.75,$141.70
11/20/2020,$141.07,8485920,$141.71,$142.61,$140.86
11/19/2020,$141.72,8892462,$142.57,$143.2996,$141.70
11/18/2020,$143.90,9456229,$144.50,$145.48,$143.35
11/17/2020,$144.50,9354936,$144.40,$144.83,$142.56
11/16/2020,$144.67,16382490,$141.57,$144.74,$141.57
11/13/2020,$138.36,21074460,$140.90,$141.19,$136.52
11/12/2020,$135.52,13893300,$136.34,$138.49,$134.105
11/11/2020,$137.82,9600863,$141.47,$142.00,$136.62
11/10/2020,$142.11,18115410,$139.97,$142.37,$137.67
11/09/2020,$142.59,35634680,$140.26,$147.68,$138.065
11/06/2020,$127.46,6259697,$126.255,$128.04,$124.6147
11/05/2020,$126.96,7654761,$126.78,$128.62,$125.80
11/04/2020,$125.07,7483043,$123.58,$126.86,$123.41
11/03/2020,$124.02,8144940,$121.605,$125.07,$121.37
11/02/2020,$120.13,9186007,$122.24,$122.93,$119.81
10/30/2020,$121.25,8098891,$120.64,$121.75,$119.0881
10/29/2020,$121.54,9583749,$118.16,$122.63,$117.23
10/28/2020,$118.47,11654680,$121.01,$121.53,$118.32
10/27/2020,$123.31,6813840,$124.03,$124.61,$123.03
10/26/2020,$124.06,8578901,$127.11,$127.11,$122.95
10/23/2020,$128.35,5439906,$128.10,$128.50,$126.35
10/22/2020,$127.56,5180071,$126.67,$128.10,$125.97
10/21/2020,$126.63,6591520,$124.36,$127.56,$123.835
10/20/2020,$124.95,6166070,$124.58,$125.73,$123.64
10/19/2020,$124.23,6576923,$127.37,$127.40,$123.71
10/16/2020,$126.81,6295112,$127.81,$128.12,$126.33
10/15/2020,$127.36,7748617,$125.00,$127.40,$124.43
10/14/2020,$126.59,11536580,$129.14,$129.50,$125.29
10/13/2020,$128.96,22388970,$129.80,$131.36,$127.90
10/12/2020,$124.97,10958230,$124.90,$125.94,$123.73
10/09/2020,$124.98,11502210,$123.85,$125.5495,$123.33
10/08/2020,$123.09,7404570,$123.58,$123.75,$122.4201
10/07/2020,$122.91,10187810,$121.95,$123.3098,$120.93
10/06/2020,$120.93,9051995,$123.13,$124.19,$120.61
10/05/2020,$123.37,5919150,$123.26,$123.595,$122.33
10/02/2020,$122.55,6490237,$121.99,$123.6775,$121.69
10/01/2020,$123.31,8908316,$124.94,$125.47,$122.42
09/30/2020,$124.08,13642450,$123.24,$125.55,$123.24
09/29/2020,$125.40,7432567,$125.92,$126.29,$123.675
09/28/2020,$125.99,6283678,$125.75,$126.86,$125.37
09/25/2020,$124.00,6851806,$121.36,$124.19,$120.98
09/24/2020,$122.49,8479997,$121.93,$123.80,$120.78
09/23/2020,$123.28,8323568,$127.07,$127.30,$122.901
09/22/2020,$127.21,6978779,$125.26,$127.47,$124.70
09/21/2020,$125.41,10352690,$125.98,$126.8858,$123.59
09/18/2020,$128.63,9916267,$129.50,$130.79,$128.1201
09/17/2020,$130.22,6723544,$130.55,$131.77,$128.60
09/16/2020,$132.09,6605949,$132.17,$133.62,$131.40
09/15/2020,$131.24,7289104,$131.46,$132.54,$131.005
09/14/2020,$131.25,8391896,$132.53,$132.93,$130.904
09/11/2020,$131.75,7165255,$133.74,$133.74,$131.09
09/10/2020,$133.22,9853420,$133.58,$136.75,$132.74
09/09/2020,$133.36,8891787,$134.28,$135.55,$132.26
09/08/2020,$134.20,17257350,$131.99,$137.14,$130.86
09/04/2020,$131.99,11248300,$133.75,$134.88,$129.42
09/03/2020,$133.24,12079180,$135.24,$137.2374,$132.02
09/02/2020,$135.39,8187761,$133.63,$135.92,$133.264
09/01/2020,$133.55,8344079,$131.92,$133.61,$130.89
08/31/2020,$131.87,11617510,$135.25,$135.54,$131.25
08/28/2020,$135.54,11020070,$134.50,$136.80,$133.5801
08/27/2020,$133.73,13667640,$133.00,$136.36,$132.82
08/26/2020,$132.18,8447779,$130.00,$132.60,$129.52
08/25/2020,$129.79,5494391,$130.83,$131.09,$129.31
08/24/2020,$130.69,7613610,$128.15,$130.88,$127.93
08/21/2020,$127.44,6064709,$127.72,$128.31,$127.23
08/20/2020,$128.12,4918122,$126.80,$128.45,$126.53
08/19/2020,$127.77,7624193,$129.25,$130.2166,$127.43
08/18/2020,$128.92,6714570,$129.44,$129.59,$128.36
08/17/2020,$129.37,7492155,$130.10,$130.1371,$128.54
08/14/2020,$130.53,6507571,$130.01,$131.08,$129.74
08/13/2020,$130.96,6468610,$130.64,$132.35,$130.45
08/12/2020,$131.79,12205200,$130.67,$133.00,$130.49
08/11/2020,$130.49,13885680,$130.53,$132.76,$130.00
08/10/2020,$128.79,8529151,$129.75,$131.32,$128.49
08/07/2020,$129.93,16088580,$130.22,$131.94,$128.66
08/06/2020,$130.82,27238000,$126.96,$131.63,$125.61
08/05/2020,$127.61,53122390,$123.37,$130.31,$123.28
08/04/2020,$117.29,17293920,$115.96,$118.35,$115.76
08/03/2020,$116.35,10229170,$116.17,$117.12,$115.35
07/31/2020,$116.94,9623821,$115.22,$117.05,$114.12
07/30/2020,$115.66,9713524,$114.91,$116.29,$113.37
07/29/2020,$115.61,9496463,$116.22,$116.71,$115.11
07/28/2020,$116.18,6821077,$115.46,$116.84,$114.68
07/27/2020,$116.31,9412967,$117.20,$117.42,$115.6842
07/24/2020,$117.61,8233263,$115.70,$118.21,$115.53
07/23/2020,$118.12,7255832,$118.86,$119.35,$117.01
07/22/2020,$119.03,7063295,$118.19,$119.30,$117.925
07/21/2020,$118.62,8955973,$118.05,$120.39,$117.66
07/20/2020,$117.79,8947906,$118.05,$118.485,$116.82
07/17/2020,$118.65,9848857,$118.90,$119.56,$117.06
07/16/2020,$119.43,10210150,$117.72,$119.99,$117.60
07/15/2020,$120.90,15314200,$121.63,$122.09,$119.70
07/14/2020,$118.66,12425140,$115.23,$119.08,$114.54
07/13/2020,$116.22,15620190,$119.94,$120.13,$115.89
07/10/2020,$119.34,14207920,$116.83,$119.4394,$116.21
07/09/2020,$116.81,13582870,$116.51,$117.85,$115.38
07/08/2020,$116.66,13629530,$113.48,$117.1299,$112.81
07/07/2020,$113.63,10836470,$113.63,$115.08,$112.61
07/06/2020,$114.43,11933430,$113.83,$114.53,$112.90
07/02/2020,$112.18,10311970,$115.00,$115.10,$112.00
07/01/2020,$113.01,11930870,$112.82,$115.60,$112.29
06/30/2020,$111.51,10565920,$111.50,$112.05,$109.93
06/29/2020,$111.52,12584330,$109.00,$111.57,$108.1001
06/26/2020,$109.10,15270850,$110.95,$111.20,$108.0221
06/25/2020,$111.36,17240440,$108.99,$111.51,$108.50
06/24/2020,$112.07,22252540,$115.85,$116.00,$110.03
06/23/2020,$116.59,10187620,$116.96,$117.45,$115.97
06/22/2020,$115.92,12868010,$114.19,$116.1925,$113.11
06/19/2020,$114.35,23496270,$119.98,$120.12,$114.35
06/18/2020,$118.37,9577324,$116.88,$118.53,$115.93
06/17/2020,$117.65,8921557,$118.64,$119.23,$117.14
06/16/2020,$118.44,12951190,$121.24,$121.50,$116.05
06/15/2020,$117.08,14156380,$112.08,$118.12,$111.71
06/12/2020,$115.49,18361940,$115.17,$117.00,$112.89
06/11/2020,$112.64,26078850,$117.60,$118.00,$112.25
06/10/2020,$122.18,11497110,$124.02,$124.10,$120.93
06/09/2020,$123.89,10882800,$125.63,$125.79,$123.51
06/08/2020,$127.28,13858100,$125.10,$127.44,$123.94
06/05/2020,$124.82,16581600,$126.31,$127.82,$124.28
06/04/2020,$123.69,14195120,$121.95,$124.50,$121.85
06/03/2020,$122.18,12584300,$119.99,$122.45,$119.3201
06/02/2020,$118.75,10753110,$119.00,$119.85,$117.83
06/01/2020,$118.77,10548790,$117.26,$119.6498,$116.93
05/29/2020,$117.30,17845760,$116.19,$117.75,$114.12
05/28/2020,$116.75,18625660,$121.60,$121.98,$116.00
05/27/2020,$121.53,19345390,$123.68,$123.78,$119.7112
05/26/2020,$120.95,16466400,$121.05,$122.505,$120.43
05/22/2020,$118.02,9288238,$117.50,$118.57,$116.83
05/21/2020,$117.83,17578300,$119.34,$120.30,$116.50
05/20/2020,$119.92,25749910,$116.42,$120.87,$116.04
05/19/2020,$114.37,20332580,$115.10,$116.47,$113.42
05/18/2020,$116.85,40075680,$114.47,$119.78,$114.47
05/15/2020,$109.05,29765970,$104.98,$109.38,$104.27
05/14/2020,$105.91,22002220,$101.98,$105.92,$99.6587
05/13/2020,$102.92,21085770,$104.50,$104.54,$101.60
05/12/2020,$104.56,17049740,$109.06,$109.44,$104.49
05/11/2020,$107.77,20555870,$108.40,$108.805,$106.41
05/08/2020,$109.16,24101680,$109.05,$109.18,$106.63
05/07/2020,$105.57,20868770,$101.85,$105.61,$101.83
05/06/2020,$100.88,51992370,$101.48,$105.27,$98.86
05/05/2020,$101.06,30169820,$101.51,$105.18,$100.90
05/04/2020,$103.18,19514840,$102.01,$103.83,$100.55
05/01/2020,$105.50,13209150,$106.36,$106.91,$104.47
04/30/2020,$108.15,18638720,$109.44,$110.31,$106.86
04/29/2020,$112.25,20139800,$109.94,$112.70,$108.56
04/28/2020,$106.21,16503670,$108.79,$110.06,$105.98
04/27/2020,$106.06,15518290,$102.00,$106.52,$101.61
04/24/2020,$101.19,13621100,$101.78,$101.92,$99.52
04/23/2020,$101.00,17132150,$100.65,$102.5299,$99.46
04/22/2020,$100.99,11491990,$101.80,$102.63,$100.89
04/21/2020,$100.54,16101430,$100.01,$101.51,$99.13
04/20/2020,$102.26,17020980,$103.58,$104.86,$102.00
04/17/2020,$106.63,17926940,$106.21,$106.79,$104.35
04/16/2020,$102.02,18029330,$103.53,$103.7198,$100.89
04/15/2020,$103.37,14157640,$104.39,$104.88,$102.70
04/14/2020,$106.03,19866910,$105.50,$107.64,$103.90
04/13/2020,$103.50,17305980,$104.71,$104.87,$99.61
04/09/2020,$104.50,31485590,$107.92,$107.99,$103.53
04/08/2020,$101.07,22562540,$100.53,$102.35,$98.65
04/07/2020,$101.24,22899570,$104.86,$105.89,$100.25
04/06/2020,$99.58,20407360,$97.26,$100.19,$94.52
04/03/2020,$93.88,14814620,$96.31,$96.92,$92.71
04/02/2020,$96.97,13936520,$94.20,$97.255,$94.20
04/01/2020,$94.92,18303940,$93.50,$97.40,$92.56
03/31/2020,$96.60,21563220,$100.22,$103.16,$96.16
03/30/2020,$99.80,23119210,$96.00,$100.46,$92.10
03/27/2020,$96.40,30591530,$100.45,$101.49,$95.54
03/26/2020,$105.36,24532410,$100.83,$107.7319,$100.80
03/25/2020,$100.73,28533050,$100.66,$105.9199,$95.51
03/24/2020,$98.12,32538100,$92.33,$99.168,$91.80
03/23/2020,$85.76,32246580,$84.49,$87.28,$81.09
03/20/2020,$85.98,31957770,$95.99,$96.99,$85.84
03/19/2020,$94.93,30866820,$88.00,$97.40,$85.11
03/18/2020,$88.80,43592470,$87.59,$89.34,$79.07
03/17/2020,$93.53,27526240,$95.80,$97.4604,$91.15
03/16/2020,$95.01,35379530,$91.80,$98.28,$90.00
03/13/2020,$102.52,40960060,$100.78,$102.87,$92.25
03/12/2020,$91.81,40392870,$97.62,$100.00,$91.64
03/11/2020,$105.51,24794290,$108.42,$108.90,$102.86
03/10/2020,$111.46,24083650,$108.10,$111.58,$102.43
03/09/2020,$104.35,26233570,$108.69,$110.43,$104.28
03/06/2020,$115.27,22899620,$110.76,$115.87,$110.32
03/05/2020,$113.98,22397240,$116.86,$116.96,$112.11
03/04/2020,$119.18,13842100,$118.96,$119.24,$115.48
03/03/2020,$116.45,19529720,$121.15,$121.78,$115.15
03/02/2020,$119.98,21775920,$119.13,$119.98,$116.03
02/28/2020,$117.65,35453800,$114.51,$118.31,$113.21
02/27/2020,$118.04,30827530,$119.81,$122.90,$117.92
02/26/2020,$123.36,31227000,$126.12,$128.37,$122.13
02/25/2020,$128.19,21032490,$133.75,$133.94,$127.98
02/24/2020,$133.01,19336450,$132.90,$134.4365,$131.21
02/21/2020,$138.97,7725829,$139.86,$139.88,$138.58
02/20/2020,$140.37,5981715,$141.63,$141.63,$138.85
02/19/2020,$141.30,7080871,$139.63,$141.87,$139.23
02/18/2020,$139.14,8223909,$139.02,$139.66,$138.10
02/14/2020,$139.54,9110543,$141.10,$141.28,$139.13
02/13/2020,$140.90,7543117,$141.17,$141.90,$140.82
02/12/2020,$141.85,8168150,$141.34,$142.22,$140.87
02/11/2020,$141.01,10790080,$142.85,$142.99,$140.46
02/10/2020,$142.59,8162055,$141.03,$142.59,$140.46
02/07/2020,$141.02,10948880,$141.89,$141.9895,$140.12
02/06/2020,$142.70,9504618,$141.92,$143.945,$141.22
02/05/2020,$141.37,27824120,$146.60,$147.30,$138.57
02/04/2020,$144.73,23519730,$145.49,$145.59,$143.25
02/03/2020,$141.32,12659960,$139.79,$141.82,$139.75
01/31/2020,$138.31,12379080,$138.40,$138.67,$137.06
01/30/2020,$137.81,11847330,$135.09,$137.85,$134.83
01/29/2020,$136.06,9389202,$138.60,$138.68,$135.795
01/28/2020,$138.37,10390020,$136.50,$138.93,$135.86
01/27/2020,$135.90,12831820,$135.86,$137.73,$135.00
01/24/2020,$140.08,13076330,$141.40,$142.25,$139.20
01/23/2020,$142.20,11081970,$143.60,$143.61,$140.65
01/22/2020,$144.01,7549950,$144.45,$144.79,$143.54
01/21/2020,$143.56,9250157,$144.24,$144.59,$143.01
01/17/2020,$144.33,10355330,$145.54,$145.64,$144.01
01/16/2020,$145.12,6948369,$145.09,$145.43,$144.44
01/15/2020,$144.32,6818180,$145.71,$145.71,$143.93
01/14/2020,$145.20,14846350,$143.41,$146.72,$142.29
01/13/2020,$143.88,9926387,$144.75,$144.75,$143.36
01/10/2020,$144.62,5154850,$145.30,$145.50,$144.26
01/09/2020,$144.83,6668201,$146.47,$146.625,$144.61
01/08/2020,$145.40,6986395,$145.49,$146.13,$144.82
01/07/2020,$145.70,6972813,$145.99,$146.8699,$145.42
01/06/2020,$145.65,8268374,$145.54,$146.03,$144.31
01/03/2020,$146.50,7321837,$146.40,$147.90,$146.0549
01/02/2020,$148.20,9504711,$145.29,$148.20,$145.10
12/31/2019,$144.63,5663965,$143.67,$144.77,$143.26
12/30/2019,$143.77,6605481,$145.75,$145.87,$143.40
12/27/2019,$145.75,5497500,$146.05,$146.51,$145.45
12/26/2019,$145.70,4431113,$145.40,$145.86,$145.17
12/24/2019,$145.29,3508541,$144.58,$145.43,$144.45
12/23/2019,$144.68,9318682,$145.91,$146.33,$144.33
12/20/2019,$146.88,12631870,$147.15,$147.88,$145.77
12/19/2019,$146.15,10249310,$146.18,$146.7973,$145.32
12/18/2019,$146.26,9472498,$147.77,$147.95,$146.19
12/17/2019,$147.73,8779665,$148.10,$148.46,$147.62
12/16/2019,$148.46,9146339,$147.59,$148.65,$146.55
12/13/2019,$146.38,9353254,$147.43,$147.80,$146.31
12/12/2019,$147.76,7763316,$147.92,$148.93,$147.25
12/11/2019,$147.59,8260750,$147.39,$147.89,$146.76
12/10/2019,$146.10,7089746,$145.26,$146.85,$145.05
12/09/2019,$146.21,11642040,$147.96,$148.515,$145.40
12/06/2019,$147.66,7087551,$148.40,$148.6098,$147.18
12/05/2019,$147.44,7369731,$148.69,$148.83,$147.10
12/04/2019,$148.28,7686996,$149.30,$149.33,$148.18
12/03/2019,$148.58,9392732,$147.74,$149.11,$146.87
12/02/2019,$150.62,10365740,$152.94,$152.97,$149.10
11/29/2019,$151.58,6284938,$151.48,$152.4656,$151.01
11/27/2019,$151.48,6166318,$152.30,$152.5693,$151.15
11/26/2019,$151.64,24973010,$151.75,$153.41,$150.61
11/25/2019,$149.69,11329310,$148.80,$150.21,$147.70
11/22/2019,$148.29,9639428,$147.21,$149.44,$146.68
11/21/2019,$146.90,6241359,$147.16,$147.4703,$146.26
11/20/2019,$146.93,9451314,$148.09,$148.99,$146.03
11/19/2019,$148.38,11508730,$148.18,$149.48,$146.80
11/18/2019,$147.65,15356970,$144.75,$149.04,$143.69
11/15/2019,$144.67,13749340,$147.14,$147.20,$144.21
11/14/2019,$147.15,28414290,$148.00,$150.63,$146.2765
11/13/2019,$148.72,46491400,$138.58,$149.92,$136.84
11/12/2019,$138.58,17283990,$138.03,$139.34,$136.74
11/11/2019,$136.74,10144900,$137.50,$138.555,$136.21
11/08/2019,$137.96,24187460,$140.22,$140.25,$136.74
11/07/2019,$132.96,18047600,$132.35,$133.70,$131.75
11/06/2019,$131.27,9132465,$131.60,$131.66,$130.66
11/05/2019,$131.45,7404474,$132.77,$132.77,$130.89
11/04/2019,$132.92,7631780,$134.12,$134.14,$132.47
11/01/2019,$132.75,8507567,$130.99,$132.80,$130.5111
10/31/2019,$129.92,9628296,$129.53,$130.15,$128.75
10/30/2019,$129.60,10880050,$129.69,$130.31,$129.1535
10/29/2019,$129.48,9305072,$130.50,$130.77,$129.44
10/28/2019,$130.53,8940309,$131.45,$132.08,$130.14
10/25/2019,$130.90,6696035,$130.50,$131.76,$130.03
10/24/2019,$130.26,6792298,$131.52,$131.70,$129.63
10/23/2019,$131.13,7075669,$132.45,$132.68,$130.76
10/22/2019,$132.40,10540840,$133.15,$133.68,$132.10
10/21/2019,$130.26,7391094,$131.44,$131.73,$130.02
10/18/2019,$130.89,8695515,$132.37,$133.16,$130.89
10/17/2019,$132.37,8037035,$132.53,$133.44,$130.51
10/16/2019,$130.86,7671898,$129.76,$131.83,$129.70
10/15/2019,$129.76,5937287,$130.01,$130.89,$129.40
10/14/2019,$129.70,3753018,$130.13,$130.30,$129.48
10/11/2019,$130.02,6809765,$130.30,$130.99,$129.5885
10/10/2019,$129.34,4581018,$129.22,$130.14,$128.88
10/09/2019,$129.33,5037437,$129.10,$129.85,$128.06
10/08/2019,$128.47,6778174,$129.90,$130.04,$128.37
10/07/2019,$130.90,5842436,$130.27,$131.565,$129.04
10/04/2019,$130.27,6803210,$128.69,$130.44,$128.61
10/03/2019,$128.15,8683717,$128.60,$129.43,$127.54
10/02/2019,$129.14,8343560,$128.51,$129.22,$127.57
10/01/2019,$129.55,6011451,$130.80,$131.78,$129.51
09/30/2019,$130.32,5845989,$130.35,$130.86,$129.82
09/27/2019,$129.96,8402934,$130.10,$131.00,$128.92
09/26/2019,$131.27,11851670,$133.14,$133.30,$129.06
09/25/2019,$133.09,6613058,$131.79,$133.42,$131.22
09/24/2019,$131.97,11940340,$134.01,$134.15,$131.50
09/23/2019,$132.46,6146871,$131.99,$132.89,$131.89
09/20/2019,$132.27,25640030,$133.03,$133.23,$131.6125
09/19/2019,$133.30,12585400,$137.00,$137.36,$133.00
09/18/2019,$136.80,6894548,$136.41,$137.065,$135.72
09/17/2019,$136.31,4759951,$135.80,$136.725,$135.67
09/16/2019,$135.80,6329260,$136.29,$137.2411,$135.30
09/13/2019,$138.02,5209146,$137.85,$138.22,$137.11
09/12/2019,$137.50,7333931,$136.84,$138.67,$136.54
09/11/2019,$136.19,7896359,$135.56,$136.24,$134.93
09/10/2019,$135.79,10974580,$138.12,$138.44,$134.58
09/09/2019,$138.83,5458689,$139.58,$140.08,$138.4847
09/06/2019,$139.55,4089995,$139.13,$139.81,$138.25
09/05/2019,$138.84,5145232,$138.92,$139.27,$138.3236
09/04/2019,$137.89,4302805,$136.74,$138.20,$136.39
09/03/2019,$136.31,5998686,$136.37,$136.42,$135.06
08/30/2019,$137.26,5624066,$138.29,$138.50,$136.765
08/29/2019,$137.84,6536300,$138.12,$138.68,$137.42
08/28/2019,$136.55,5957541,$134.06,$136.73,$133.52
08/27/2019,$134.49,6015348,$135.77,$135.99,$134.185
08/26/2019,$134.61,8101688,$134.19,$134.64,$132.55
08/23/2019,$131.67,10197690,$135.51,$136.44,$131.0234
08/22/2019,$136.08,6968278,$136.20,$136.67,$134.69
08/21/2019,$135.76,6326629,$134.61,$136.0599,$134.05
08/20/2019,$135.13,8628920,$133.33,$136.04,$133.26
08/19/2019,$135.29,11741800,$136.79,$137.62,$134.28
08/16/2019,$135.20,6353770,$134.02,$135.50,$133.83
08/15/2019,$133.41,7590114,$133.50,$134.28,$132.47
08/14/2019,$132.85,11797670,$135.06,$135.15,$132.68
08/13/2019,$137.01,8196997,$135.00,$137.92,$135.00
08/12/2019,$135.75,7918904,$137.31,$137.566,$135.23
08/09/2019,$138.52,8811869,$137.10,$139.24,$136.7618
08/08/2019,$137.89,14054760,$137.90,$138.00,$136.01
08/07/2019,$134.86,29084490,$134.93,$135.87,$132.26
08/06/2019,$141.87,18818880,$140.41,$141.95,$138.37
08/05/2019,$138.30,10669680,$139.14,$140.23,$137.03
08/02/2019,$141.71,6539050,$140.99,$142.22,$139.94
08/01/2019,$141.85,8911657,$143.34,$144.53,$141.26
07/31/2019,$143.01,9710669,$144.99,$145.00,$142.34
07/30/2019,$144.93,6563058,$145.76,$146.80,$144.61
07/29/2019,$146.39,11674110,$145.59,$147.15,$145.17
07/26/2019,$144.65,8139402,$143.74,$145.19,$143.05
07/25/2019,$143.21,7294375,$141.40,$143.23,$141.045
07/24/2019,$141.29,5896610,$141.40,$141.59,$140.40
07/23/2019,$141.26,7514525,$141.65,$142.54,$140.27
07/22/2019,$140.84,7707699,$141.25,$141.44,$140.01
07/19/2019,$139.85,6109874,$142.24,$142.24,$139.74
07/18/2019,$141.63,8035481,$142.46,$142.46,$140.17
07/17/2019,$142.57,5296353,$144.60,$144.68,$142.37
07/16/2019,$144.30,5854707,$144.75,$144.99,$143.81
07/15/2019,$145.06,5289248,$145.13,$145.36,$143.97
07/12/2019,$144.88,8510020,$144.15,$145.43,$144.00
07/11/2019,$143.56,10471130,$144.01,$145.34,$143.54
07/10/2019,$143.54,9533663,$142.40,$144.25,$142.01
07/09/2019,$141.61,7396283,$140.06,$141.72,$139.75
07/08/2019,$141.02,4993865,$142.18,$142.23,$140.97
07/05/2019,$142.45,5595988,$141.42,$142.89,$140.70
07/03/2019,$142.98,4150852,$142.70,$143.00,$142.0007
07/02/2019,$142.53,7557314,$141.40,$142.86,$141.2697
07/01/2019,$141.65,8996454,$140.45,$141.95,$139.22
06/28/2019,$139.64,20078800,$139.41,$140.21,$138.61
06/27/2019,$139.30,6466261,$141.00,$141.74,$138.92
06/26/2019,$140.40,8842136,$140.36,$140.74,$139.5109
06/25/2019,$139.94,14675360,$139.02,$140.41,$138.67
06/24/2019,$139.22,10497420,$140.12,$140.47,$137.80
06/21/2019,$140.23,14150040,$141.95,$142.00,$140.00
06/20/2019,$142.02,8485793,$141.975,$142.2285,$139.91
06/19/2019,$140.92,6877141,$139.51,$141.07,$138.58
06/18/2019,$139.24,11231410,$141.99,$143.51,$138.97
06/17/2019,$140.97,8542717,$140.81,$141.48,$139.11
06/14/2019,$141.65,11125200,$142.05,$142.95,$140.53
06/13/2019,$141.74,17939540,$137.95,$141.85,$137.61
06/12/2019,$135.72,5536986,$135.09,$136.28,$134.8245
06/11/2019,$135.08,6352215,$137.59,$137.745,$134.94
06/10/2019,$137.07,8479526,$138.88,$138.88,$136.071
06/07/2019,$138.04,7026269,$137.60,$138.76,$137.33
06/06/2019,$137.21,6027316,$136.51,$137.44,$135.73
06/05/2019,$135.94,6842759,$135.41,$136.00,$134.9399
06/04/2019,$134.82,8247513,$133.45,$134.88,$132.92
06/03/2019,$132.47,7901387,$132.02,$132.95,$131.49
05/31/2019,$132.04,7420899,$130.96,$132.93,$130.78
05/30/2019,$132.20,5273987,$131.88,$132.68,$131.335
05/29/2019,$131.57,7749591,$131.96,$132.15,$130.7783
05/28/2019,$132.62,8938370,$133.21,$134.04,$132.59
05/24/2019,$132.79,4570132,$133.10,$133.29,$132.22
05/23/2019,$132.73,6743329,$132.71,$133.55,$131.95
05/22/2019,$133.85,5093746,$133.82,$134.17,$133.39
05/21/2019,$134.09,7050294,$134.57,$134.57,$133.11
05/20/2019,$133.91,8009000,$134.25,$134.40,$133.25
05/17/2019,$135.04,8964178,$134.26,$135.98,$134.03
05/16/2019,$135.50,9689397,$135.29,$136.40,$134.81
05/15/2019,$134.68,9734068,$132.55,$135.21,$132.04
05/14/2019,$133.20,12001740,$133.52,$134.66,$132.05
05/13/2019,$131.34,11389900,$131.50,$132.66,$130.55
05/10/2019,$134.04,9858487,$133.01,$134.32,$131.23
05/09/2019,$133.59,15297050,$135.03,$136.48,$132.84
05/08/2019,$134.99,15423530,$133.50,$135.70,$133.31
05/07/2019,$133.44,10972650,$135.35,$135.97,$132.76
05/06/2019,$135.00,9955629,$132.54,$135.33,$132.30
05/03/2019,$134.33,8874413,$135.22,$135.31,$133.78
05/02/2019,$134.14,16580400,$135.38,$135.69,$132.38
05/01/2019,$136.38,8906731,$137.49,$138.17,$136.235
04/30/2019,$136.97,15228550,$139.12,$139.39,$136.03
04/29/2019,$139.30,25730810,$142.19,$142.37,$137.61
04/26/2019,$139.92,14132900,$138.70,$140.04,$137.51
04/25/2019,$137.24,16359590,$135.36,$138.8799,$134.84
04/24/2019,$135.10,11437480,$133.11,$135.75,$132.72
04/23/2019,$133.36,11924630,$133.39,$134.24,$132.65
04/22/2019,$131.68,10193730,$131.90,$132.20,$131.0325
04/18/2019,$132.45,11877420,$131.77,$132.87,$131.11
04/17/2019,$131.75,14196520,$129.81,$132.36,$129.28
04/16/2019,$129.90,14536250,$131.75,$132.1299,$129.56
04/15/2019,$132.04,32592110,$131.05,$132.70,$129.79
04/12/2019,$130.06,65178990,$127.91,$130.90,$126.36
04/11/2019,$116.60,12754290,$117.73,$117.86,$116.32
04/10/2019,$117.16,13990730,$117.58,$118.03,$116.28
04/09/2019,$116.86,17195390,$115.61,$117.1641,$115.28
04/08/2019,$114.96,11050980,$115.00,$115.83,$114.635
04/05/2019,$115.00,10905620,$114.97,$115.13,$114.3061
04/04/2019,$114.75,13609210,$113.24,$114.8569,$113.03
04/03/2019,$112.52,10414210,$112.70,$113.11,$112.21
04/02/2019,$111.96,9035226,$113.15,$113.305,$111.92
04/01/2019,$112.51,10591290,$111.59,$112.865,$111.38
03/29/2019,$111.03,15963900,$111.56,$111.60,$110.39
03/28/2019,$110.71,10942750,$110.60,$111.27,$110.24
03/27/2019,$110.28,10639410,$110.45,$111.09,$109.7329
03/26/2019,$110.14,16651500,$108.40,$110.34,$108.27
03/25/2019,$107.79,18011550,$108.49,$109.07,$107.32
03/22/2019,$108.23,22973940,$108.33,$109.00,$107.51
03/21/2019,$108.66,26929340,$110.10,$110.15,$108.37
03/20/2019,$109.99,35206080,$110.31,$110.88,$108.05
03/19/2019,$110.00,44801760,$112.95,$113.7085,$109.80
03/18/2019,$113.12,21707930,$113.03,$114.00,$112.46
03/15/2019,$114.96,14861300,$114.50,$115.48,$113.68
03/14/2019,$114.48,17409280,$114.12,$114.77,$113.93
03/13/2019,$114.09,17909880,$114.84,$114.85,$113.72
03/12/2019,$114.73,9920237,$114.72,$115.30,$114.04
03/11/2019,$114.75,6909175,$114.04,$115.00,$114.03
03/08/2019,$113.81,6546022,$113.46,$113.84,$112.90
03/07/2019,$114.01,6321843,$114.85,$114.90,$113.47
03/06/2019,$114.85,7344958,$114.00,$115.05,$114.00
03/05/2019,$114.00,5121970,$114.23,$114.54,$113.76
03/04/2019,$114.33,6006333,$114.42,$114.42,$113.0944
03/01/2019,$114.01,6877406,$113.45,$114.4399,$113.45
02/28/2019,$112.84,6711621,$112.90,$113.43,$112.75
02/27/2019,$112.78,7249002,$113.095,$113.5099,$112.46
02/26/2019,$113.50,8858402,$113.65,$114.01,$112.85
02/25/2019,$113.59,8788890,$115.62,$115.80,$113.46
02/22/2019,$115.25,8734616,$114.63,$115.77,$113.95
02/21/2019,$114.29,9431197,$113.40,$114.54,$112.87
02/20/2019,$113.68,7078067,$113.60,$114.085,$113.285
02/19/2019,$113.51,8166889,$112.91,$113.77,$112.83
02/15/2019,$112.59,8188106,$111.40,$112.6325,$111.03
02/14/2019,$110.66,6324271,$109.85,$111.495,$109.54
02/13/2019,$110.20,6919052,$109.24,$110.48,$109.23
02/12/2019,$109.20,7606635,$110.21,$110.83,$109.15
02/11/2019,$109.44,10864230,$111.77,$111.81,$109.25
02/08/2019,$111.51,6343478,$110.46,$111.54,$110.0641
02/07/2019,$110.95,8638374,$111.05,$111.11,$109.81
02/06/2019,$111.41,14220800,$113.85,$113.92,$111.07
02/05/2019,$112.66,13361840,$112.02,$112.74,$111.45
02/04/2019,$111.80,7005285,$111.41,$111.98,$110.68
02/01/2019,$111.30,6510114,$111.97,$112.05,$110.93
01/31/2019,$111.52,8248752,$110.10,$111.54,$110.01
01/30/2019,$110.13,7852571,$110.30,$110.58,$108.96
01/29/2019,$110.90,5250366,$110.65,$110.9286,$110.0046
01/28/2019,$110.81,6123045,$110.76,$110.99,$109.95
01/25/2019,$111.09,5706862,$111.465,$111.50,$110.66
01/24/2019,$110.55,6713263,$111.00,$111.11,$109.93
01/23/2019,$111.12,6845002,$111.19,$111.84,$110.00
01/22/2019,$110.60,6948627,$110.62,$111.33,$109.75
01/18/2019,$111.04,8552678,$111.86,$111.93,$110.8286
01/17/2019,$111.01,5119995,$110.72,$111.255,$110.16
01/16/2019,$110.91,5854799,$111.45,$112.01,$110.81
01/15/2019,$111.76,9663624,$112.30,$113.18,$110.61
01/14/2019,$112.42,6980508,$111.65,$112.695,$111.43
01/11/2019,$112.65,4749165,$112.18,$112.92,$111.73
01/10/2019,$112.80,6097125,$111.99,$112.91,$111.50
01/09/2019,$112.67,5920728,$111.80,$112.80,$111.56
01/08/2019,$111.42,8689079,$111.80,$112.56,$111.17
01/07/2019,$110.56,6352180,$109.91,$111.40,$109.30
01/04/2019,$109.61,10073780,$107.94,$110.75,$107.25
01/03/2019,$106.33,10744350,$108.48,$108.65,$105.9436
01/02/2019,$108.97,9711276,$108.10,$109.135,$107.7304
12/31/2018,$109.65,7240290,$109.11,$109.67,$107.5528
12/28/2018,$107.30,7598070,$107.28,$108.52,$106.1901
12/27/2018,$106.52,8078455,$104.41,$106.55,$102.795
12/26/2018,$105.83,9311869,$100.49,$105.85,$100.38
12/24/2018,$100.35,7132955,$103.23,$103.90,$100.35
12/21/2018,$104.22,15523620,$106.47,$108.75,$103.86
12/20/2018,$107.00,9382722,$108.75,$109.21,$106.13
12/19/2018,$109.22,9344297,$110.00,$112.13,$108.9461
12/18/2018,$109.45,6673748,$110.87,$111.08,$108.90
12/17/2018,$110.62,7711632,$112.29,$112.89,$110.03
12/14/2018,$112.20,7601873,$112.37,$113.92,$112.05
12/13/2018,$113.39,6570562,$112.87,$113.595,$112.34
12/12/2018,$112.21,7716351,$113.00,$113.98,$112.15
12/11/2018,$111.97,6861110,$112.97,$113.72,$111.43
12/10/2018,$111.86,7329130,$111.99,$112.29,$109.5301
12/07/2018,$111.98,8304231,$113.86,$113.99,$111.61
12/06/2018,$114.33,10503440,$112.06,$114.34,$111.16
12/04/2018,$112.87,10804640,$115.62,$116.29,$112.66
12/03/2018,$115.74,9264250,$116.65,$116.92,$114.91
11/30/2018,$115.49,16855210,$116.84,$117.065,$115.06
11/29/2018,$116.61,10259160,$115.75,$117.14,$115.21
11/28/2018,$116.10,9033987,$114.32,$116.30,$114.05
11/27/2018,$113.90,7357404,$113.61,$114.10,$112.41
11/26/2018,$112.55,6996014,$113.18,$113.18,$111.92
11/23/2018,$112.08,3242322,$112.24,$112.79,$111.74
11/21/2018,$113.03,7242441,$112.50,$113.985,$112.30
11/20/2018,$111.87,11193550,$113.52,$114.588,$111.52
11/19/2018,$115.42,9712526,$116.00,$117.83,$114.79
11/16/2018,$116.19,7123863,$116.53,$117.344,$115.99
11/15/2018,$117.11,7087355,$116.49,$117.43,$115.70
11/14/2018,$117.12,7102031,$117.44,$118.22,$116.44
11/13/2018,$116.85,4645737,$117.11,$117.78,$116.18
11/12/2018,$116.70,9169862,$118.00,$118.46,$116.60
11/09/2018,$118.00,16875190,$118.20,$120.20,$117.18
11/08/2018,$116.00,11008440,$117.45,$117.83,$115.21
11/07/2018,$117.05,8239470,$116.57,$117.285,$115.16
11/06/2018,$116.71,5035633,$115.74,$116.84,$115.45
11/05/2018,$115.45,7920295,$115.74,$116.2241,$115.12
11/02/2018,$115.18,6365960,$116.83,$116.95,$114.37
11/01/2018,$116.10,6777469,$115.20,$116.28,$114.90
10/31/2018,$114.83,9189266,$116.23,$116.52,$114.68
10/30/2018,$114.76,7337523,$113.39,$114.89,$112.41
10/29/2018,$113.04,9229443,$114.45,$114.94,$111.96
10/26/2018,$113.19,7971695,$112.84,$114.14,$112.101
10/25/2018,$114.16,7404707,$112.62,$114.69,$112.118
10/24/2018,$111.61,11620120,$117.06,$117.06,$111.25
10/23/2018,$117.85,8605640,$116.945,$118.49,$115.41
10/22/2018,$118.27,8404366,$119.05,$119.69,$117.72
10/19/2018,$118.90,10427800,$117.42,$119.17,$117.22
10/18/2018,$116.18,6049496,$116.75,$117.13,$115.58
10/17/2018,$117.13,7118527,$116.10,$117.22,$115.43
10/16/2018,$116.19,7617817,$114.34,$116.37,$113.84
10/15/2018,$113.44,6599276,$111.93,$114.6176,$111.89
10/12/2018,$112.61,5946757,$111.97,$113.2744,$111.23
10/11/2018,$111.15,10032250,$112.50,$113.25,$110.32
10/10/2018,$112.86,8808268,$116.84,$117.23,$112.73
10/09/2018,$116.89,6760260,$116.615,$117.77,$116.04
10/08/2018,$116.02,5630076,$114.83,$116.155,$114.12
10/05/2018,$114.78,5835214,$116.00,$116.58,$114.73
10/04/2018,$116.13,6441379,$117.00,$117.17,$115.12
10/03/2018,$116.91,6106291,$117.95,$118.10,$116.74
10/02/2018,$117.66,6367492,$115.55,$117.70,$115.30
10/01/2018,$116.24,8628812,$117.28,$117.40,$115.68
09/28/2018,$116.94,7361065,$115.65,$117.46,$115.35
09/27/2018,$116.04,5193355,$115.19,$116.60,$115.10
09/26/2018,$115.21,11129410,$114.01,$116.32,$114.01
09/25/2018,$113.63,12118710,$113.31,$114.71,$112.65
09/24/2018,$112.77,9105845,$112.27,$113.14,$111.70
09/21/2018,$110.40,25571560,$111.95,$111.98,$110.40
09/20/2018,$111.62,7121048,$110.58,$111.9492,$109.94
09/19/2018,$109.79,5964582,$109.63,$110.1825,$109.48
09/18/2018,$109.53,4936921,$108.89,$109.75,$108.23
09/17/2018,$109.36,5592132,$109.58,$109.8783,$108.6115
09/14/2018,$109.26,5966640,$110.92,$111.25,$108.88
09/13/2018,$110.67,5094676,$109.55,$110.72,$109.37
09/12/2018,$109.46,5233859,$109.25,$110.2539,$109.18
09/11/2018,$109.60,5488384,$110.50,$110.605,$109.51
09/10/2018,$110.68,4636306,$111.44,$111.9075,$110.37
09/07/2018,$110.97,4754708,$110.08,$111.35,$110.01
09/06/2018,$110.26,5266386,$110.00,$110.41,$109.36
09/05/2018,$109.87,6388128,$110.58,$110.82,$109.70
09/04/2018,$110.85,6390091,$111.80,$112.00,$110.65
08/31/2018,$112.02,4636917,$111.90,$112.28,$111.56
08/30/2018,$111.92,3481633,$112.07,$112.415,$111.59
08/29/2018,$112.45,4000791,$112.58,$112.72,$112.02
08/28/2018,$112.58,3131570,$112.57,$112.7896,$112.20
08/27/2018,$112.33,4767379,$112.49,$112.89,$112.07
08/24/2018,$111.93,5048870,$111.63,$112.70,$111.44
08/23/2018,$112.00,4256888,$111.94,$112.14,$111.5331
08/22/2018,$111.94,3212261,$112.44,$112.745,$111.94
08/21/2018,$112.39,4726622,$112.25,$113.00,$112.00
08/20/2018,$111.99,5163778,$112.93,$113.00,$111.91
08/17/2018,$112.48,4763966,$112.51,$112.86,$111.89
08/16/2018,$112.48,5081565,$113.30,$113.33,$112.395
08/15/2018,$112.85,5182906,$112.18,$113.12,$111.47
08/14/2018,$112.75,4324373,$112.38,$113.185,$111.945
08/13/2018,$112.12,6080497,$112.66,$112.84,$111.72
08/10/2018,$112.68,5737656,$113.58,$113.80,$112.40
08/09/2018,$114.16,6982725,$114.05,$114.795,$112.81
08/08/2018,$113.98,11718450,$115.90,$116.41,$113.90
08/07/2018,$116.56,15356460,$116.57,$117.90,$116.24
08/06/2018,$115.94,12676090,$114.66,$116.84,$114.16
08/03/2018,$114.09,4731861,$113.20,$114.095,$112.40
08/02/2018,$112.75,4027304,$112.50,$113.32,$111.68
08/01/2018,$112.97,6465168,$113.68,$113.83,$112.59
07/31/2018,$113.56,8405379,$112.55,$114.05,$112.36
07/30/2018,$112.63,5193185,$112.20,$113.335,$112.05
07/27/2018,$112.62,5716918,$114.00,$114.05,$111.92
07/26/2018,$113.51,9465115,$112.15,$114.5617,$111.68
07/25/2018,$111.18,6755258,$110.64,$111.42,$109.63
07/24/2018,$110.70,5648544,$111.84,$111.89,$110.54
07/23/2018,$111.09,5442663,$111.05,$111.21,$110.335
07/20/2018,$111.48,11787600,$112.15,$112.20,$110.83
07/19/2018,$112.13,17792120,$111.54,$114.68,$111.30
07/18/2018,$110.69,6404069,$110.31,$111.06,$109.65
07/17/2018,$110.30,9072256,$110.26,$112.62,$110.085
07/16/2018,$110.20,8237098,$109.82,$110.45,$108.77
07/13/2018,$110.00,8188639,$108.00,$110.24,$107.66
07/12/2018,$108.25,5929772,$108.05,$109.20,$107.82
07/11/2018,$108.04,11748510,$105.32,$109.34,$105.32
07/10/2018,$106.03,4215252,$106.25,$106.57,$104.83
07/09/2018,$106.02,4723177,$105.01,$106.07,$104.75
07/06/2018,$104.78,4134347,$104.50,$105.04,$104.04
07/05/2018,$105.34,6176000,$104.70,$105.602,$104.43
07/03/2018,$104.04,2406267,$105.88,$105.95,$103.50
07/02/2018,$105.33,5487420,$104.15,$105.37,$103.90
06/29/2018,$104.81,6774015,$104.93,$105.68,$104.65
06/28/2018,$104.77,6303456,$103.91,$105.1198,$103.6753
06/27/2018,$103.96,8796398,$104.50,$105.88,$103.4801
06/26/2018,$104.26,6548414,$104.46,$104.71,$103.91
06/25/2018,$104.45,7995045,$106.00,$106.08,$103.74
06/22/2018,$106.34,9282337,$106.07,$106.80,$105.81
06/21/2018,$105.89,7653302,$107.01,$107.25,$105.791
06/20/2018,$107.15,18623610,$107.00,$107.90,$105.8101
06/19/2018,$106.10,8869199,$105.87,$106.99,$105.76
06/18/2018,$107.06,9285170,$107.00,$107.475,$106.50
06/15/2018,$108.85,16164850,$108.17,$109.42,$107.85
06/14/2018,$108.75,18052030,$106.45,$109.49,$106.45
06/13/2018,$106.31,21940600,$103.20,$107.88,$102.67
06/12/2018,$104.33,8962589,$104.73,$105.22,$103.9639
06/11/2018,$104.35,8121471,$103.93,$104.79,$103.75
06/08/2018,$103.98,7089514,$102.09,$103.99,$101.8282
06/07/2018,$102.47,7545942,$101.91,$102.96,$101.81
06/06/2018,$101.91,7830116,$100.06,$101.94,$99.76
06/05/2018,$99.94,5965829,$100.36,$100.51,$99.78
06/04/2018,$100.24,6593432,$99.76,$100.50,$99.70
06/01/2018,$99.36,6845946,$99.69,$100.05,$99.20
05/31/2018,$99.47,9617602,$99.76,$100.1368,$98.809
05/30/2018,$99.98,7215552,$100.50,$100.55,$99.42
05/29/2018,$99.69,11254110,$100.55,$101.65,$99.38
05/25/2018,$102.20,6975112,$102.25,$103.00,$101.97
05/24/2018,$102.11,7473175,$102.81,$102.86,$101.21
05/23/2018,$102.89,8044952,$103.20,$103.34,$102.07
05/22/2018,$104.07,6971540,$104.40,$105.49,$103.99
05/21/2018,$104.06,5825190,$104.22,$104.6799,$103.61
05/18/2018,$103.93,5422030,$104.34,$104.79,$103.56
05/17/2018,$104.34,7317655,$105.23,$105.48,$104.091
05/16/2018,$105.04,8106950,$103.25,$105.04,$103.15
05/15/2018,$102.92,5718845,$102.44,$103.315,$102.101
05/14/2018,$102.44,9882962,$102.44,$103.49,$101.98
05/11/2018,$102.07,7030827,$101.89,$102.21,$101.26
05/10/2018,$101.68,8918961,$100.43,$102.0683,$100.30
05/09/2018,$99.97,18322660,$102.25,$102.27,$99.30
05/08/2018,$101.79,14002710,$101.20,$102.64,$100.84
05/07/2018,$102.48,10098340,$102.35,$102.68,$101.72
05/04/2018,$101.15,9970331,$98.71,$101.35,$98.58
05/03/2018,$98.76,10443720,$99.11,$99.25,$97.68
05/02/2018,$99.62,8950670,$100.17,$100.7213,$99.25
05/01/2018,$100.06,6712117,$100.18,$100.70,$98.93
04/30/2018,$100.33,8556996,$100.41,$101.3736,$100.12
